{"1": 0.018903764037260472, 
 "2": 0.006432481751824817, 
 "3": 0.13675334297710193}